timestamp,session_id,event,query,route,confidence,method,agent,grounded,parser_passed,inferred,prompt_chars,sources,preview
2025-09-29T07:19:50,20250929_071852_3d618f,response,"Question 6: Do the height scan and the change the height scan range to same -0.5 0.5
with step size 50 and exposure time 0.2
Answer 6:
def sortmypathout '
_mysamplepath=""raw6M/"" DATAFILE ""/""
# ---------------USER INPUT ONLY, DONOT FORGET TO PUT SLASH------------
#Insert sample name
_mysample=""sample1/""
# ------------------------------ USER INPUT ENDS ----------------------
#Image storage location
_rampre=""/ramdisk/de-la-to-4431-a/""",code,0.95,llm,code,False,False,,0,[],"<think> \n Okay, so I need to figure out how to adjust the height scan parameters for a simulation. The user wants both the height scans to be set from -0.5 to 0.5 with a step size of 50 and an exposure time of 0.2.  \n  \n First, looking at the existing code provided in the spec manual, I see that there's a"
2025-09-29T07:22:11,20250929_071852_3d618f,response,write spec code to rotate/spin the crystal for 3 times.,code,0.98,llm,code,False,False,,0,[],"<think> \n Okay, so I need to help the user write a SPEC code that rotates or spins a crystal for 3 times. Let me think about how to approach this. \n  \n First, looking at the provided manual excerpts might give some clues. The user mentioned using ""internal variables"" and pseudo constructs in their example"
2025-09-29T07:34:54,20250929_071852_3d618f,response,what is ascan,text,0.9,llm,text,True,,False,8109,"[('SPEC_RAG_Cookbook.pdf', 1.4606612920761108), ('SPEC_RAG_Cookbook.pdf', 1.482772946357727), ('sample_alignment_REXS.md', 1.485862135887146), ('SPEC_RAG_Cookbook.pdf', 1.5605783462524414), ('pymca.md', 1.5666096210479736), ('ID4B_Codes.md', 1.5896493196487427), ('ID4B_Codes_general_nodes.md', 1.5896493196487427), ('ID4B_Codes.md', 1.605078935623169), ('sample_alignment_HDRM.md', 1.633937954902649), ('sample_alignment_HDRM.md', 1.6357461214065552)]","ASCAN is an absolute scan command used in SPEC to move a motor from a start position to a finish position with a specified time interval. The syntax for using ascan is `ascan motor start finish time`. For example, the following line of code performs an ascan on the 'th' motor from -2 to 2 with a tim"
